Fried Onion Dip | Protein low,0.08793969849246232
Fried Onion Dip | Protein moderate,0.060085836909871244
Fried Onion Dip | Protein high,0.07692307692307693
Fried Onion Dip | Carbs high,0.10510510510510511
Fried Onion Dip | Carbs moderate,0.06469500924214418
Fried Onion Dip | Carbs low,0.06233303650934995
Fried Onion Dip | Fat low,0.05952380952380952
Fried Onion Dip | Fat moderate,0.08620689655172414
Fried Onion Dip | Fat high,0.07927519818799547
"Paleo Kimchi Beef Stir-Fry (Whole30, Keto) | Protein low",0.08793969849246232
"Paleo Kimchi Beef Stir-Fry (Whole30, Keto) | Protein moderate",0.060085836909871244
"Paleo Kimchi Beef Stir-Fry (Whole30, Keto) | Protein high",0.07692307692307693
"Paleo Kimchi Beef Stir-Fry (Whole30, Keto) | Carbs low",0.06233303650934995
"Paleo Kimchi Beef Stir-Fry (Whole30, Keto) | Carbs moderate",0.06469500924214418
"Paleo Kimchi Beef Stir-Fry (Whole30, Keto) | Carbs high",0.10510510510510511
"Paleo Kimchi Beef Stir-Fry (Whole30, Keto) | Fat high",0.07927519818799547
"Paleo Kimchi Beef Stir-Fry (Whole30, Keto) | Fat moderate",0.08620689655172414
"Paleo Kimchi Beef Stir-Fry (Whole30, Keto) | Fat low",0.05952380952380952
Easy Keto Sesame Broccoli | Protein low,0.08793969849246232
Easy Keto Sesame Broccoli | Protein moderate,0.060085836909871244
Easy Keto Sesame Broccoli | Protein high,0.07692307692307693
Easy Keto Sesame Broccoli | Carbs high,0.10510510510510511
Easy Keto Sesame Broccoli | Carbs moderate,0.06469500924214418
Easy Keto Sesame Broccoli | Carbs low,0.06233303650934995
Easy Keto Sesame Broccoli | Fat low,0.05952380952380952
Easy Keto Sesame Broccoli | Fat moderate,0.08620689655172414
Easy Keto Sesame Broccoli | Fat high,0.07927519818799547
Mediterranean Sweet & Spicy Salad with Greek Vinaigrette Dressing | Fat high,0.07927519818799547
Mediterranean Sweet & Spicy Salad with Greek Vinaigrette Dressing | Fat moderate,0.08620689655172414
Mediterranean Sweet & Spicy Salad with Greek Vinaigrette Dressing | Fat low,0.05952380952380952
Mediterranean Sweet & Spicy Salad with Greek Vinaigrette Dressing | Carbs low,0.06233303650934995
Mediterranean Sweet & Spicy Salad with Greek Vinaigrette Dressing | Carbs moderate,0.06469500924214418
Mediterranean Sweet & Spicy Salad with Greek Vinaigrette Dressing | Carbs high,0.10510510510510511
Mediterranean Sweet & Spicy Salad with Greek Vinaigrette Dressing | Protein high,0.07692307692307693
Mediterranean Sweet & Spicy Salad with Greek Vinaigrette Dressing | Protein moderate,0.060085836909871244
Mediterranean Sweet & Spicy Salad with Greek Vinaigrette Dressing | Protein low,0.08793969849246232
Asian Meatballs with Shitake Mushrooms recipes | Protein low,0.08793969849246232
Asian Meatballs with Shitake Mushrooms recipes | Protein moderate,0.060085836909871244
Asian Meatballs with Shitake Mushrooms recipes | Protein high,0.07692307692307693
Asian Meatballs with Shitake Mushrooms recipes | Carbs high,0.10510510510510511
Asian Meatballs with Shitake Mushrooms recipes | Carbs moderate,0.06469500924214418
Asian Meatballs with Shitake Mushrooms recipes | Carbs low,0.06233303650934995
Asian Meatballs with Shitake Mushrooms recipes | Fat low,0.05952380952380952
Asian Meatballs with Shitake Mushrooms recipes | Fat moderate,0.08620689655172414
Asian Meatballs with Shitake Mushrooms recipes | Fat high,0.07927519818799547
Vegan Tofu and Spinach Scramble | Fat high,0.07927519818799547
Vegan Tofu and Spinach Scramble | Fat moderate,0.08620689655172414
Vegan Tofu and Spinach Scramble | Fat low,0.05952380952380952
Vegan Tofu and Spinach Scramble | Carbs low,0.06233303650934995
Vegan Tofu and Spinach Scramble | Carbs moderate,0.06469500924214418
Vegan Tofu and Spinach Scramble | Carbs High,0.10510510510510511
Vegan Tofu and Spinach Scramble | Protein High,0.07692307692307693
Vegan Tofu and Spinach Scramble | Protein moderate,0.060085836909871244
Vegan Tofu and Spinach Scramble | Protein low,0.08793969849246232
PALEO HASH BROWNS recipes | Protein low,0.08793969849246232
PALEO HASH BROWNS recipes | Protein moderate,0.060085836909871244
PALEO HASH BROWNS recipes | Protein high,0.07692307692307693
PALEO HASH BROWNS recipes | Carbs high,0.10510510510510511
PALEO HASH BROWNS recipes | Carbs moderate,0.06469500924214418
PALEO HASH BROWNS recipes | Carbs low,0.06233303650934995
PALEO HASH BROWNS recipes | Fat low,0.05952380952380952
PALEO HASH BROWNS recipes | Fat moderate,0.08620689655172414
PALEO HASH BROWNS recipes | Fat high,0.07927519818799547
Greek Turkey Burgers | Fat high,0.07927519818799547
Greek Turkey Burgers | Fat moderate,0.08620689655172414
Greek Turkey Burgers | Fat low,0.05952380952380952
Greek Turkey Burgers | Carbs low,0.06233303650934995
Greek Turkey Burgers | Carbs moderate,0.06469500924214418
Greek Turkey Burgers | Carbs high,0.10510510510510511
Greek Turkey Burgers | Protein high,0.07692307692307693
Greek Turkey Burgers | Protein moderate,0.060085836909871244
Greek Turkey Burgers | Protein Low,0.08793969849246232
Mediterranean Style Corn | Protein Low,0.08793969849246232
Mediterranean Style Corn | Protein moderate,0.060085836909871244
Mediterranean Style Corn | Protein high,0.07692307692307693
Mediterranean Style Corn | Carbs high,0.10510510510510511
Mediterranean Style Corn | Carbs moderate,0.06469500924214418
Mediterranean Style Corn | Carbs low,0.06233303650934995
Mediterranean Style Corn | Fat low,0.05952380952380952
Mediterranean Style Corn | Fat moderate,0.08620689655172414
Mediterranean Style Corn | Fat high,0.07927519818799547
Paleo Pumpkin Bolognese | Fat high,0.07927519818799547
Paleo Pumpkin Bolognese | Fat moderate,0.08620689655172414
Paleo Pumpkin Bolognese | Fat low,0.05952380952380952
Paleo Pumpkin Bolognese | Carbs low,0.06233303650934995
Paleo Pumpkin Bolognese | Carbs moderate,0.06469500924214418
Paleo Pumpkin Bolognese | Carbs high,0.10510510510510511
Paleo Pumpkin Bolognese | Protein high,0.07692307692307693
Paleo Pumpkin Bolognese | Protein moderate,0.060085836909871244
Paleo Pumpkin Bolognese | Protein low,0.08793969849246232
